"date","close","volume","open","high","low"
"2016/01/29","112.2100","62660640.0000","108.9900","112.8400","108.8400"
"2016/01/28","109.1100","107251300.0000","107.2000","110.3400","104.8100"
"2016/01/27","94.4500","53505580.0000","97.7900","97.8500","94.2300"
"2016/01/26","97.3400","26749760.0000","97.7600","97.8800","95.6600"
"2016/01/25","97.0100","32382100.0000","98.7200","99.4800","96.9300"
"2016/01/22","97.9400","30371970.0000","96.4100","98.0700","95.4900"
"2016/01/21","94.1600","30479780.0000","94.9100","95.9900","92.6200"
"2016/01/20","94.3500","59015930.0000","92.8300","95.0000","89.3700"
"2016/01/19","95.2600","30840640.0000","96.5300","97.4200","93.9200"
"2016/01/15","94.9700","46068460.0000","93.9800","96.3800","93.5400"
"2016/01/14","98.3700","48617610.0000","95.8500","98.8700","92.4500"
"2016/01/13","95.4400","33297700.0000","100.5800","100.5800","95.2100"
"2016/01/12","99.3700","28301680.0000","99.0000","99.9600","97.5500"
"2016/01/11","97.5100","29896390.0000","97.9100","98.6000","95.3900"
"2016/01/08","97.3300","35351010.0000","99.8800","100.5000","97.0311"
"2016/01/07","97.9200","45038210.0000","100.5000","101.4300","97.3000"
"2016/01/06","102.9700","25046390.0000","101.1300","103.7700","100.9000"
"2016/01/05","102.7300","23238890.0000","102.8900","103.7099","101.6650"
"2016/01/04","102.2200","37846820.0000","101.9500","102.2400","99.7500"
"2015/12/31","104.6600","18382210.0000","106.0000","106.1700","104.6200"
"2015/12/30","106.2200","13103910.0000","107.0000","107.2500","106.0600"
"2015/12/29","107.2600","17149240.0000","106.4200","107.7400","106.2500"
"2015/12/28","105.9300","13045160.0000","105.0200","105.9800","104.5300"
"2015/12/24","105.0200","6512134.0000","104.7400","105.3200","104.5000"
"2015/12/23","104.6300","19571550.0000","105.8900","106.1100","103.8600"
"2015/12/22","105.5100","14584780.0000","105.2200","105.6601","104.8100"
"2015/12/21","104.7700","16105710.0000","104.9100","105.1500","103.6000"
"2015/12/18","104.0400","35810840.0000","106.0800","106.5900","103.9700"
"2015/12/17","106.2200","21580540.0000","107.4900","107.7500","106.1300"
"2015/12/16","106.7900","22095830.0000","105.3700","107.0900","104.1900"
"2015/12/15","104.5500","21697070.0000","105.3000","105.8000","104.2800"
"2015/12/14","104.6600","24693110.0000","102.2850","104.7400","101.4600"
"2015/12/11","102.1200","26357790.0000","104.1500","104.3400","101.9100"
"2015/12/10","105.4200","17435630.0000","105.0500","106.4000","104.4100"
"2015/12/09","104.6000","23468200.0000","106.1800","106.4400","103.5500"
"2015/12/08","106.4900","20376290.0000","104.0000","106.9100","103.9500"
"2015/12/07","105.6100","15447530.0000","106.4800","106.8300","104.6600"
"2015/12/04","106.1800","21212310.0000","104.8100","107.7300","104.1100"
"2015/12/03","104.3800","23193110.0000","106.2700","106.8500","103.3500"
"2015/12/02","106.0700","24334420.0000","107.0000","107.9200","105.7900"
"2015/12/01","107.1200","22743200.0000","104.8300","107.1500","104.5000"
"2015/11/30","104.2400","20055950.0000","105.8400","106.0999","103.7500"
"2015/11/27","105.4500","5913066.0000","105.7800","105.9600","104.8600"
"2015/11/25","105.4100","15140370.0000","106.3300","106.6000","105.1000"
"2015/11/24","105.7400","23512790.0000","106.0000","106.4900","104.3900"
"2015/11/23","106.9500","19740130.0000","107.1900","107.4680","106.0800"
"2015/11/20","107.3200","22102030.0000","106.8400","107.8700","106.6200"
"2015/11/19","106.2600","25492640.0000","107.3600","107.7300","105.9500"
"2015/11/18","107.7700","23797450.0000","105.8000","107.8800","105.3900"
"2015/11/17","105.1300","26774350.0000","104.6200","106.2000","104.1400"
"2015/11/16","104.0400","49256510.0000","103.3200","104.1700","100.4700"
"2015/11/13","103.9500","30161510.0000","107.7100","108.2500","103.8300"
"2015/11/12","108.0200","20852000.0000","108.4800","109.3900","108.0000"
"2015/11/11","109.0100","25023690.0000","108.2700","109.8700","107.1100"
"2015/11/10","107.9100","24999520.0000","105.9600","108.1500","105.2400"
"2015/11/09","106.4900","26354740.0000","107.0000","108.2500","105.8600"
"2015/11/06","107.0950","35046680.0000","108.0400","108.7400","105.9100"
"2015/11/05","108.7600","63142550.0000","108.8000","110.6500","107.9500"
"2015/11/04","103.9400","41832160.0000","103.1900","104.1400","102.4800"
"2015/11/03","102.5800","21178920.0000","103.2200","103.6500","102.4000"
"2015/11/02","103.3100","23972130.0000","102.4600","103.4700","101.1800"
"2015/10/30","101.9700","33436740.0000","104.5100","104.7200","101.6500"
"2015/10/29","104.8800","20157920.0000","103.9600","105.1200","103.5200"
"2015/10/28","104.2000","24053690.0000","103.9000","104.4800","102.9200"
"2015/10/27","103.7000","23741160.0000","102.9400","104.1000","102.4000"
"2015/10/26","103.7700","25912180.0000","102.2000","103.8100","101.5500"
"2015/10/23","102.1900","42754060.0000","101.9100","102.8500","100.1600"
"2015/10/22","99.6700","25971110.0000","97.7900","99.7300","97.5500"
"2015/10/21","97.1100","21971730.0000","97.3700","98.1800","96.4700"
"2015/10/20","97.0000","30824330.0000","98.7300","99.5900","96.5600"
"2015/10/19","98.4700","23605470.0000","97.1800","98.5700","96.9200"
"2015/10/16","97.5400","25370980.0000","96.1800","97.5900","95.3500"
"2015/10/15","95.9600","27499010.0000","94.9900","96.3000","94.9000"
"2015/10/14","94.0700","19197310.0000","94.0800","95.2000","93.6100"
"2015/10/13","94.1200","19406320.0000","93.6600","95.3700","93.5500"
"2015/10/12","94.2600","18396970.0000","93.3200","94.6000","92.6700"
"2015/10/09","93.2400","19979290.0000","92.9000","93.7400","92.2390"
"2015/10/08","92.4700","27237050.0000","91.8900","93.2200","90.4700"
"2015/10/07","92.4000","24094490.0000","93.1100","93.6600","91.3700"
"2015/10/06","92.8000","22459730.0000","94.0800","94.1700","92.3400"
"2015/10/05","94.0100","27258120.0000","92.9400","94.2700","92.6600"
"2015/10/02","92.0700","37672130.0000","88.9000","92.2000","88.3700"
"2015/10/01","90.9500","29219020.0000","90.0500","90.9500","88.3600"
"2015/09/30","89.9000","36113040.0000","88.4400","90.0200","88.0100"
"2015/09/29","86.6700","42212360.0000","89.1000","90.0600","85.7200"
"2015/09/28","89.2100","41060880.0000","92.0800","92.2900","88.1800"
"2015/09/25","92.7700","28910510.0000","95.7900","95.8500","92.0600"
"2015/09/24","94.4100","29037890.0000","93.0600","94.7650","92.2400"
"2015/09/23","93.9700","21672220.0000","93.4000","94.3200","92.8000"
"2015/09/22","92.9600","36834600.0000","93.7700","94.6800","91.9200"
"2015/09/21","95.5500","28760280.0000","94.6200","96.4900","94.5200"
"2015/09/18","94.4000","62232280.0000","93.2000","95.1900","93.0500"
"2015/09/17","94.3400","27716330.0000","93.3700","95.5100","92.9000"
"2015/09/16","93.4500","16265640.0000","92.9000","93.6000","92.6300"
"2015/09/15","92.9000","18820730.0000","92.3700","93.2500","91.7900"
"2015/09/14","92.3100","20108630.0000","92.3100","92.6200","91.6000"
"2015/09/11","92.0500","21102320.0000","91.6800","92.0800","91.1300"
"2015/09/10","91.9800","26392490.0000","90.0700","92.0600","89.6300"
"2015/09/09","90.4400","32482750.0000","90.7800","91.9800","90.1700"
"2015/09/08","89.5300","26935820.0000","89.6900","90.2400","88.8300"
"2015/09/04","88.2600","27277250.0000","87.2000","88.3900","86.7000"
"2015/09/03","88.1500","26954140.0000","89.7600","89.8200","87.7300"
"2015/09/02","89.8900","27010970.0000","88.8100","89.8900","87.6300"
"2015/09/01","87.2300","35958020.0000","86.8500","89.3900","86.5000"
"2015/08/31","89.4300","32771380.0000","90.6000","91.0500","88.8900"
"2015/08/28","91.0100","33174580.0000","89.8800","91.4800","89.7920"
"2015/08/27","89.7300","42290120.0000","89.1000","90.0600","87.1900"
"2015/08/26","87.1900","44994100.0000","85.9500","87.4600","83.2600"
"2015/08/25","83.0000","51860780.0000","86.9500","87.6700","83.0000"
"2015/08/24","82.0900","83487210.0000","77.0300","87.1400","72.0000"
"2015/08/21","86.0600","62473650.0000","87.5200","89.1800","85.6100"
"2015/08/20","90.5600","44415420.0000","93.5400","94.7700","90.4600"
"2015/08/19","95.3100","23176290.0000","94.6300","96.1000","94.1610"
"2015/08/18","95.1700","22222720.0000","94.0800","95.8500","94.0400"
"2015/08/17","93.9300","18284030.0000","94.4200","94.4600","93.3900"
"2015/08/14","94.4200","15904340.0000","93.5400","94.7200","93.2100"
"2015/08/13","93.4300","17398890.0000","94.0500","94.7300","93.3500"
"2015/08/12","94.1900","27075100.0000","92.7000","94.4400","91.1900"
"2015/08/11","93.6200","22244980.0000","93.7300","94.7600","92.9006"
"2015/08/10","94.1500","21461830.0000","95.6800","95.9000","93.6300"
"2015/08/07","94.3000","23141300.0000","95.3800","95.4000","93.6100"
"2015/08/06","95.1200","42205860.0000","97.1800","98.7400","94.4200"
"2015/08/05","96.4400","29718020.0000","95.2500","97.0900","95.1800"
"2015/08/04","94.0600","20050730.0000","93.7900","94.7300","93.3300"
"2015/08/03","94.1400","29262980.0000","93.5300","95.0800","92.8000"
"2015/07/31","94.0100","46386320.0000","94.9500","96.3300","93.9500"
"2015/07/30","95.2100","86021630.0000","94.9100","95.8100","91.8000"
"2015/07/29","96.9900","61383310.0000","96.3200","97.2800","94.7400"
"2015/07/28","95.2900","34826750.0000","94.8400","95.5600","93.3100"
"2015/07/27","94.1700","38428000.0000","96.5800","96.6100","93.8301"
"2015/07/24","96.9500","33351170.0000","97.3500","97.7600","95.8800"
"2015/07/23","95.4400","29281230.0000","96.9600","97.4500","94.8100"
"2015/07/22","97.0400","28196110.0000","96.7400","97.5800","95.9200"
"2015/07/21","98.3900","39163900.0000","98.9500","99.2400","97.1427"
"2015/07/20","97.9100","54786320.0000","95.8500","98.6000","95.3600"
"2015/07/17","94.9700","53767930.0000","92.5500","95.3900","92.5400"
"2015/07/16","90.8500","21417840.0000","90.2800","90.8600","89.7700"
"2015/07/15","89.7600","30818700.0000","90.0000","90.9900","89.4200"
"2015/07/14","89.6800","26568630.0000","90.4600","90.8000","89.6500"
"2015/07/13","90.1000","29682360.0000","88.6600","90.2200","88.4200"
"2015/07/10","87.9500","23191120.0000","87.3500","88.2200","86.7700"
"2015/07/09","85.8800","23237200.0000","86.7300","87.6000","85.6499"
"2015/07/08","85.6500","24351990.0000","86.2900","86.7500","85.4450"
"2015/07/07","87.2200","33023960.0000","87.8000","87.8500","85.2310"
"2015/07/06","87.5500","24592870.0000","86.4900","88.1846","86.3900"
"2015/07/02","87.2850","16875000.0000","87.4000","87.4400","86.3401"
"2015/07/01","86.9100","25198260.0000","86.7700","87.9500","86.4900"
"2015/06/30","85.7650","23195430.0000","86.6000","86.7000","85.5700"
"2015/06/29","85.8000","35869530.0000","86.6100","87.5000","85.7300"
"2015/06/26","88.0100","38185770.0000","88.1200","88.3400","86.8283"
"2015/06/25","87.9800","27245480.0000","89.2600","89.4000","87.8350"
"2015/06/24","88.8600","41337040.0000","87.6600","89.2500","87.4500"
"2015/06/23","87.8800","50336830.0000","84.9600","87.9700","84.7600"
"2015/06/22","84.7400","29076040.0000","83.4100","84.9700","83.3100"
"2015/06/19","82.5100","23337800.0000","82.8300","82.9800","82.1200"
"2015/06/18","82.9050","26726860.0000","81.6400","83.1900","81.5700"
"2015/06/17","81.7900","18326140.0000","81.7600","82.2200","81.3400"
"2015/06/16","81.0600","13673040.0000","80.8200","81.5100","80.4500"
"2015/06/15","80.7100","18782870.0000","80.5500","80.9300","80.0700"
"2015/06/12","81.5300","11403090.0000","81.3700","82.0900","81.2000"
"2015/06/11","81.8300","18619240.0000","82.3100","82.9000","81.3600"
"2015/06/10","82.1600","21485920.0000","80.8300","82.6000","80.8100"
"2015/06/09","80.6700","16443310.0000","80.6000","81.1900","79.3200"
"2015/06/08","80.6700","16882270.0000","81.8200","82.0000","80.1300"
"2015/06/05","82.1400","16087280.0000","81.8700","82.4600","81.5100"
"2015/06/04","82.0500","20825910.0000","82.1400","82.9500","81.5100"
"2015/06/03","82.4400","31633300.0000","81.3500","82.5300","81.2500"
"2015/06/02","80.4450","18900690.0000","79.7600","81.3500","79.5600"
"2015/06/01","80.2900","18106110.0000","79.3000","80.3800","78.6600"
"2015/05/29","79.1900","16111570.0000","79.9500","80.0700","78.8800"
"2015/05/28","80.1450","11974610.0000","80.2500","81.0745","80.0000"
"2015/05/27","80.5500","14132160.0000","79.6000","80.6600","79.4300"
"2015/05/26","79.3350","16271510.0000","80.4300","80.6000","79.0800"
"2015/05/22","80.5400","19547070.0000","80.3500","81.3100","80.2500"
"2015/05/21","80.4800","13376150.0000","80.1900","80.9200","80.0800"
"2015/05/20","80.5500","23024330.0000","80.4700","81.1000","79.4600"
"2015/05/19","80.6300","17943450.0000","81.2500","81.6900","80.5500"
"2015/05/18","80.8800","21560230.0000","80.3300","81.3800","80.2300"
"2015/05/15","80.4200","27029540.0000","81.4100","81.5200","80.1800"
"2015/05/14","81.3700","49376110.0000","78.9400","81.8450","78.6700"
"2015/05/13","78.4400","21485710.0000","77.7200","78.5300","77.6500"
"2015/05/12","77.4600","21249920.0000","77.8700","77.8900","76.7900"
"2015/05/11","78.0100","18826100.0000","78.4800","79.0300","77.9300"
"2015/05/08","78.5100","19921440.0000","79.1000","79.2300","78.0300"
"2015/05/07","78.4250","19727740.0000","78.0000","78.9400","77.5600"
"2015/05/06","78.1000","28610160.0000","77.9700","78.8100","77.0500"
"2015/05/05","77.5600","22243130.0000","78.5500","78.8000","77.2200"
"2015/05/04","78.8100","14664320.0000","79.3300","79.6900","78.6301"
"2015/05/01","78.9900","22811310.0000","79.2400","79.7600","78.1100"
"2015/04/30","78.7700","28924470.0000","80.0100","80.9600","78.3200"
"2015/04/29","80.4650","26400340.0000","80.0100","81.3900","79.5200"
"2015/04/28","80.6800","23724520.0000","81.8300","81.9000","80.2300"
"2015/04/27","81.9100","25401050.0000","81.8700","82.9300","81.6300"
"2015/04/24","81.5300","29617390.0000","82.7700","82.9400","81.4800"
"2015/04/23","82.4100","73607220.0000","84.1000","85.5900","82.4100"
"2015/04/22","84.6300","43286780.0000","84.3200","84.7400","83.6500"
"2015/04/21","83.6200","26824310.0000","84.0000","84.4900","83.5400"
"2015/04/20","83.0900","28700450.0000","81.5400","83.1500","81.2400"
"2015/04/17","80.7750","24156000.0000","81.4800","82.1100","80.3700"
"2015/04/16","82.3100","13678800.0000","82.4700","83.0700","82.1500"
"2015/04/15","82.7050","22358670.0000","83.5500","83.6600","82.2700"
"2015/04/14","83.5150","19612620.0000","83.1700","83.6900","82.4400"
"2015/04/13","83.0100","26868830.0000","81.9300","83.9400","81.9200"
"2015/04/10","82.0400","12501090.0000","82.2100","82.6100","81.9100"
"2015/04/09","82.1700","15902970.0000","82.5000","82.8000","81.7100"
"2015/04/08","82.2750","18936170.0000","82.6300","83.1000","81.8400"
"2015/04/07","82.3200","17442950.0000","82.6500","83.4200","82.2200"
"2015/04/06","82.4400","19008980.0000","80.8000","82.8100","80.8000"
"2015/04/02","81.5550","19631440.0000","82.2500","82.5600","81.4400"
"2015/04/01","81.6650","22028080.0000","82.5000","82.7200","80.8700"
"2015/03/31","82.2150","19705200.0000","82.9000","83.5000","82.2100"
"2015/03/30","83.1950","24506180.0000","83.8100","84.3400","82.4100"
"2015/03/27","83.3000","18313110.0000","83.3800","83.9500","82.8800"
"2015/03/26","83.0100","32754510.0000","82.7200","83.7700","82.1400"
"2015/03/25","82.9200","37348640.0000","85.5000","85.5200","82.9200"
"2015/03/24","85.3100","32507390.0000","84.7100","86.0699","84.5200"
"2015/03/23","84.4300","27291310.0000","83.9200","84.9600","83.3000"
"2015/03/20","83.8000","44405260.0000","83.3900","84.6000","83.0700"
"2015/03/19","82.7500","42047570.0000","81.1200","83.0000","81.0000"
"2015/03/18","80.9100","36732660.0000","79.2500","81.2400","79.1700"
"2015/03/17","79.3650","22105760.0000","78.3600","79.7800","78.3400"
"2015/03/16","78.0700","19289450.0000","77.9600","78.1200","77.3600"
"2015/03/13","78.0500","18481750.0000","78.6000","79.3800","77.6800"
"2015/03/12","78.9300","16069270.0000","78.1000","79.0500","77.9100"
"2015/03/11","77.5700","20141490.0000","77.8000","78.4300","77.2600"
"2015/03/10","77.5500","22965310.0000","78.5000","79.2600","77.5500"
"2015/03/09","79.4400","18908230.0000","79.6800","79.9100","78.6300"
"2015/03/06","80.0050","24457940.0000","80.9000","81.3300","79.8300"
"2015/03/05","81.2100","27792840.0000","81.2300","81.9900","81.0500"
"2015/03/04","80.8950","28057010.0000","79.3000","81.1500","78.8500"
"2015/03/03","79.6000","18602170.0000","79.6100","79.7000","78.5200"
"2015/03/02","79.7500","21645890.0000","79.0000","79.8550","78.5200"
"2015/02/27","78.9700","30705140.0000","80.6800","81.2300","78.6200"
"2015/02/26","80.4100","30980750.0000","79.8800","81.3700","79.7200"
"2015/02/25","79.5600","25546020.0000","78.5000","80.2000","78.5000"
"2015/02/24","78.4500","18871220.0000","78.5000","79.4800","78.1000"
"2015/02/23","78.8400","24105020.0000","79.9600","80.1900","78.3800"
"2015/02/20","79.8950","36904680.0000","79.5500","80.3400","79.2000"
"2015/02/19","79.4200","45778750.0000","76.9860","79.8400","76.9500"
"2015/02/18","76.7100","22410540.0000","75.9400","76.9000","75.4500"
"2015/02/17","75.6000","25243920.0000","75.3000","76.9100","75.0800"
"2015/02/13","75.7400","18487260.0000","76.4600","76.4800","75.5000"
"2015/02/12","76.2300","17212100.0000","76.8600","76.8700","75.8900"
"2015/02/11","76.5100","20817690.0000","75.0900","76.7500","75.0300"
"2015/02/10","75.1900","15783750.0000","74.8500","75.3400","74.5000"
"2015/02/09","74.4400","16182700.0000","74.0500","74.8300","73.4500"
"2015/02/06","74.4700","21131450.0000","75.6800","75.7000","74.2500"
"2015/02/05","75.6150","15002820.0000","75.7100","75.9800","75.2100"
"2015/02/04","75.6300","20246640.0000","75.0900","76.3500","75.0100"
"2015/02/03","75.4000","26921640.0000","75.1900","75.5800","73.8600"
"2015/02/02","74.9900","41901530.0000","76.1100","76.1400","73.7500"
"2015/01/30","75.9100","42540890.0000","78.0000","78.1600","75.7500"
"2015/01/29","78.0000","60670160.0000","76.8500","78.0200","74.2100"
"2015/01/28","76.2400","51281680.0000","76.9000","77.6380","76.0000"
"2015/01/27","75.7800","19982990.0000","76.7100","76.8800","75.6300"
"2015/01/26","77.4950","19229120.0000","77.9800","78.4700","77.2900"
"2015/01/23","77.8300","16711610.0000","77.6500","78.1900","77.0400"
"2015/01/22","77.6500","19491720.0000","77.1700","77.7500","76.6800"
"2015/01/21","76.7400","25079200.0000","76.1600","77.3000","75.8500"
"2015/01/20","76.2400","22765930.0000","75.7200","76.3100","74.8200"
"2015/01/16","75.1800","21744680.0000","74.0400","75.3200","73.8400"
"2015/01/15","74.0500","34058150.0000","76.4000","76.5700","73.5400"
"2015/01/14","76.2800","25831690.0000","76.4200","77.2000","76.0291"
"2015/01/13","76.4500","25149270.0000","77.2300","78.0800","75.8500"
"2015/01/12","76.7200","19150390.0000","77.8400","78.0000","76.2100"
"2015/01/09","77.7400","21146060.0000","78.2000","78.6200","77.2000"
"2015/01/08","78.1750","23931830.0000","76.7400","78.2300","76.0800"
"2015/01/07","76.1500","22015250.0000","76.7600","77.3600","75.8200"
"2015/01/06","76.1500","27365180.0000","77.2300","77.5900","75.3650"
"2015/01/05","77.1900","26392340.0000","77.9800","79.2455","76.8600"
"2015/01/02","78.4500","18141830.0000","78.5800","78.9300","77.7000"
"2014/12/31","78.0200","20004710.0000","79.5400","79.8000","77.8600"
"2014/12/30","79.2200","14354170.0000","79.8500","80.5900","79.1000"
"2014/12/29","80.0200","14101570.0000","80.4900","80.9600","79.7100"
"2014/12/26","80.7750","10632810.0000","81.0200","81.2800","80.5100"
"2014/12/24","80.7700","7685481.0000","81.0300","81.4300","80.7500"
"2014/12/23","80.6100","19846990.0000","82.0200","82.1700","80.4000"
"2014/12/22","81.4500","31361040.0000","80.0800","81.8900","80.0000"
"2014/12/19","79.8800","43274930.0000","78.7500","80.0000","78.3300"
"2014/12/18","78.4000","34147520.0000","76.8900","78.4000","76.5100"
"2014/12/17","76.1100","29142380.0000","75.0100","76.4100","74.9000"
"2014/12/16","74.6900","31466710.0000","76.1900","77.3900","74.5900"
"2014/12/15","76.9900","29341660.0000","78.4600","78.5800","76.5600"
"2014/12/12","77.8300","28049760.0000","77.1600","78.8800","77.0200"
"2014/12/11","77.7300","33465080.0000","76.5200","78.5200","76.4800"
"2014/12/10","76.1800","32168400.0000","76.6500","77.5500","76.0700"
"2014/12/09","76.8400","25307530.0000","75.2000","76.9300","74.7800"
"2014/12/08","76.5200","25674150.0000","76.1800","77.2500","75.4000"
"2014/12/05","76.3600","24273070.0000","75.8000","76.7600","75.3600"
"2014/12/04","75.2400","14369110.0000","74.8300","75.5500","74.6600"
"2014/12/03","74.8800","15936750.0000","75.3800","75.7300","74.4000"
"2014/12/02","75.4600","16750770.0000","75.3300","75.9100","75.0400"
"2014/12/01","75.1000","31747970.0000","77.2600","77.3100","74.8000"
"2014/11/28","77.7000","15992040.0000","77.6700","78.2700","77.2300"
"2014/11/26","77.6200","32686400.0000","75.5300","77.7800","75.5100"
"2014/11/25","75.6300","32199750.0000","74.2100","75.7400","74.1300"
"2014/11/24","74.0100","22080500.0000","73.5400","74.3500","73.3500"
"2014/11/21","73.7500","23039660.0000","74.5000","74.5000","73.5000"
"2014/11/20","73.6000","19128520.0000","72.8000","73.9900","72.5100"
"2014/11/19","73.3300","25401630.0000","74.0100","74.5400","73.1100"
"2014/11/18","74.3400","20678330.0000","74.4500","74.8000","73.9000"
"2014/11/17","74.2400","28669580.0000","74.8800","75.6550","73.8800"
"2014/11/14","74.8800","19416910.0000","74.2700","74.9300","74.0400"
"2014/11/13","74.2500","26408940.0000","74.7400","75.2400","73.6400"
"2014/11/12","74.7200","26497580.0000","74.2800","75.1400","73.5400"
"2014/11/11","74.6100","18702040.0000","74.9500","74.9800","74.0300"
"2014/11/10","75.0000","21526460.0000","75.3600","75.4799","74.6100"
"2014/11/07","75.6000","20757430.0000","75.3900","75.8550","75.0200"
"2014/11/06","75.2600","21321380.0000","74.8900","75.6000","74.3100"
"2014/11/05","74.8300","35853620.0000","76.5100","76.8000","74.4200"
"2014/11/04","75.7600","39202820.0000","74.2300","75.7700","73.6500"
"2014/11/03","73.8800","40529830.0000","75.4700","75.5200","73.7000"
"2014/10/31","74.9900","44472280.0000","74.9300","75.7000","74.4500"
"2014/10/30","74.1100","83098240.0000","75.0500","75.3500","72.9000"
"2014/10/29","75.8600","105883000.0000","75.4500","76.8800","74.7800"
"2014/10/28","80.7700","61137040.0000","80.1800","81.1600","79.5700"
"2014/10/27","80.2800","29806870.0000","80.7400","80.8000","79.7600"
"2014/10/24","80.6700","32123520.0000","80.2000","80.8183","79.3200"
"2014/10/23","80.0400","34892410.0000","79.3800","80.6300","79.0100"
"2014/10/22","78.3700","41799140.0000","78.8150","79.8500","78.0100"
"2014/10/21","78.6900","32176370.0000","77.5600","78.7400","77.1500"
"2014/10/20","76.9500","34555900.0000","75.6000","77.0900","75.3800"
"2014/10/17","75.9500","76263220.0000","74.2300","76.0000","73.7500"
"2014/10/16","72.6300","53456880.0000","70.7900","73.3500","70.5800"
"2014/10/15","73.2100","61397390.0000","71.6900","73.8000","70.3200"
"2014/10/14","73.5900","50126990.0000","74.0000","74.1800","72.0500"
"2014/10/13","72.9900","43847640.0000","73.2300","74.7800","72.5200"
"2014/10/10","72.9100","52068580.0000","75.5900","76.5000","72.7600"
"2014/10/09","75.9100","32421030.0000","77.2800","77.7601","75.8500"
"2014/10/08","77.5200","32853310.0000","76.1800","77.7100","75.1000"
"2014/10/07","76.2900","25241360.0000","77.0500","77.9500","76.2400"
"2014/10/06","77.5550","25689890.0000","77.1900","77.8900","76.8500"
"2014/10/03","77.4400","23280910.0000","77.7600","78.0600","77.2600"
"2014/10/02","77.0800","36468900.0000","76.5700","77.4800","75.6400"
"2014/10/01","76.5500","55006570.0000","78.7800","78.8200","75.9000"
"2014/09/30","79.0400","35816980.0000","79.3500","79.7067","78.6000"
"2014/09/29","79.0000","33969370.0000","78.1200","79.1990","77.9100"
"2014/09/26","78.7900","28827060.0000","77.5900","78.8416","77.3300"
"2014/09/25","77.2200","37392870.0000","78.6000","78.9400","77.1300"
"2014/09/24","78.5350","30638360.0000","78.1000","78.6200","77.5100"
"2014/09/23","78.2900","36666690.0000","76.3300","78.6300","76.0400"
"2014/09/22","76.8000","31908240.0000","77.0000","77.5300","75.9500"
"2014/09/19","77.9100","76614560.0000","77.4000","78.3000","76.4400"
"2014/09/18","77.0000","22939820.0000","76.7700","77.3300","76.5200"
"2014/09/17","76.4300","28498200.0000","75.9600","77.2500","75.5700"
"2014/09/16","76.0800","37662500.0000","73.5200","76.2300","73.0700"
"2014/09/15","74.5800","49552660.0000","77.1500","77.2500","73.4300"
"2014/09/12","77.4800","26655670.0000","78.0200","78.3000","77.1000"
"2014/09/11","77.9200","32181110.0000","77.1300","78.3600","77.0500"
"2014/09/10","77.4300","29836020.0000","76.5200","77.9500","76.5100"
"2014/09/09","76.6700","28723090.0000","77.5900","78.1700","76.2000"
"2014/09/08","77.8900","28135810.0000","77.2600","78.1700","77.0100"
"2014/09/05","77.2600","29387630.0000","76.1000","77.3800","75.5980"
"2014/09/04","75.9500","26581940.0000","75.8900","76.9300","75.5300"
"2014/09/03","75.8300","32311920.0000","77.1400","77.4800","75.6000"
"2014/09/02","76.6800","34744550.0000","75.0100","76.7000","74.8200"
"2014/08/29","74.8200","26215560.0000","74.3000","74.8200","74.0100"
"2014/08/28","73.8550","21898440.0000","74.0000","74.4300","73.7300"
"2014/08/27","74.6300","36213130.0000","75.2700","75.4900","74.4600"
"2014/08/26","75.9601","23793170.0000","75.0000","75.9900","74.7300"
"2014/08/25","75.0200","19683350.0000","74.9400","75.2800","74.7900"
"2014/08/22","74.5700","20847650.0000","74.3400","74.7300","73.5700"
"2014/08/21","74.5700","20053690.0000","74.9200","75.1900","74.4149"
"2014/08/20","74.8100","22863680.0000","74.9700","75.1800","74.6200"
"2014/08/19","75.2900","26596500.0000","74.8100","75.5800","74.7700"
"2014/08/18","74.5900","23898550.0000","74.0000","74.7200","73.9600"
"2014/08/15","73.6300","38837920.0000","74.3200","74.6500","73.0000"
"2014/08/14","74.2960","22163750.0000","73.9700","74.3800","73.6900"
"2014/08/13","73.7700","29181990.0000","73.1200","74.2500","73.0500"
"2014/08/12","72.8300","27347900.0000","73.0900","73.3301","72.2200"
"2014/08/11","73.4400","24533690.0000","73.4600","73.9100","73.0600"
"2014/08/08","73.0600","27097750.0000","73.4000","73.4300","72.5600"
"2014/08/07","73.1700","38049750.0000","73.0000","74.0000","72.7000"
"2014/08/06","72.4700","30898990.0000","72.0200","73.7200","71.7900"
"2014/08/05","72.6900","34918620.0000","73.2000","73.5900","72.1800"
"2014/08/04","73.5100","30630370.0000","72.3600","73.8800","72.3600"
"2014/08/01","72.3600","43402770.0000","72.2200","73.2200","71.5500"
"2014/07/31","72.6500","43811380.0000","74.0000","74.1650","72.4400"
"2014/07/30","74.6770","36804070.0000","74.2100","75.1900","74.1300"
"2014/07/29","73.7100","41050770.0000","74.7200","74.9200","73.4229"
"2014/07/28","74.9200","41556090.0000","75.1700","75.5000","73.8500"
"2014/07/25","75.1900","45792800.0000","74.9900","75.6700","74.6620"
"2014/07/24","74.9800","123026900.0000","75.9600","76.7400","74.5100"
"2014/07/23","71.2900","74712560.0000","69.7400","71.3300","69.6100"
"2014/07/22","69.2700","40227960.0000","69.7600","69.7700","68.6100"
"2014/07/21","69.4000","49386920.0000","68.8100","69.9600","68.5000"
"2014/07/18","68.4199","42223010.0000","66.8000","68.4600","66.1600"
"2014/07/17","66.4099","37941770.0000","67.0300","67.8500","66.0400"
"2014/07/16","67.6600","29525060.0000","67.5400","67.9400","67.0700"
"2014/07/15","67.1650","44145960.0000","67.9600","68.0899","66.2600"
"2014/07/14","67.9000","38404830.0000","67.1300","68.1700","66.9000"
"2014/07/11","66.3400","39147600.0000","65.2800","66.5900","64.7900"
"2014/07/10","64.8725","44348430.0000","63.3100","65.3400","63.0500"
"2014/07/09","64.9700","51298480.0000","63.4100","65.1200","63.1500"
"2014/07/08","62.7600","68838080.0000","65.0600","65.5600","62.2100"
"2014/07/07","65.2900","28688050.0000","66.3000","66.5700","65.1200"
"2014/07/03","66.2900","25203220.0000","66.8550","67.0000","65.7600"
"2014/07/02","66.4500","41778400.0000","68.0400","68.3000","65.7900"
"2014/07/01","68.0600","33156390.0000","67.5800","68.4400","67.3900"
"2014/06/30","67.2900","27078350.0000","67.4600","67.9200","67.1300"
"2014/06/27","67.6000","46396950.0000","67.3100","67.7000","66.8400"
"2014/06/26","67.1300","47618020.0000","68.0000","68.0000","66.9000"
"2014/06/25","67.4400","44183630.0000","65.5800","67.4800","65.5700"
"2014/06/24","65.7200","57260230.0000","65.3600","67.1700","65.2700"
"2014/06/23","65.3700","34424160.0000","64.3200","65.6600","64.2200"
"2014/06/20","64.5000","46394230.0000","64.4600","64.8100","63.3500"
"2014/06/19","64.3415","34097910.0000","65.4600","65.5756","64.2100"
"2014/06/18","65.6000","35450700.0000","64.4900","65.7500","64.0500"
"2014/06/17","64.4000","27629660.0000","64.1000","64.8800","63.9300"
"2014/06/16","64.1900","30849450.0000","64.1600","64.8800","63.7500"
"2014/06/13","64.5000","29367820.0000","64.7000","64.9700","63.8300"
"2014/06/12","64.2901","55604800.0000","65.8500","66.4700","64.0600"
"2014/06/11","65.7810","44132140.0000","65.3200","65.8000","64.9000"
"2014/06/10","65.7700","69105010.0000","63.5300","65.8200","63.5000"
"2014/06/09","62.8800","37474470.0000","62.4000","63.3400","61.7900"
"2014/06/06","62.5000","42373250.0000","63.3700","63.4800","62.1500"
"2014/06/05","63.1860","47278710.0000","63.6600","64.3600","62.8200"
"2014/06/04","63.3400","36460620.0000","62.4500","63.5900","62.0700"
"2014/06/03","62.8700","32097900.0000","62.6200","63.4200","62.3200"
"2014/06/02","63.0800","35946770.0000","63.2300","63.5900","62.0500"
"2014/05/30","63.3000","45224820.0000","63.9500","64.1700","62.5600"
"2014/05/29","63.8300","42333090.0000","63.8400","64.3000","63.5100"
"2014/05/28","63.5100","47746450.0000","63.3900","64.1400","62.6200"
"2014/05/27","63.4800","55546990.0000","61.6200","63.5100","61.5700"
"2014/05/23","61.3510","38210700.0000","60.4100","61.4500","60.1500"
"2014/05/22","60.5200","54067890.0000","60.9400","61.4800","60.4000"
"2014/05/21","60.4900","58814920.0000","58.5600","60.5000","58.2500"
"2014/05/20","58.5600","53804590.0000","59.5000","60.1900","58.1800"
"2014/05/19","59.2100","42968380.0000","57.8900","59.5600","57.5700"
"2014/05/16","58.0199","47850350.0000","58.3100","58.4500","57.3100"
"2014/05/15","57.9190","56691940.0000","59.2600","59.3800","57.5200"
"2014/05/14","59.2300","47379700.0000","59.5300","60.4500","58.9500"
"2014/05/13","59.8300","48442200.0000","59.6600","60.8900","59.5100"
"2014/05/12","59.8300","48403930.0000","57.9800","59.9000","57.9800"
"2014/05/09","57.2400","52497050.0000","56.8500","57.6500","56.3800"
"2014/05/08","56.7600","61143360.0000","57.2300","58.8200","56.5000"
"2014/05/07","57.3900","78450290.0000","58.7700","59.3000","56.2600"
"2014/05/06","58.5300","55798800.0000","60.9800","61.1500","58.4900"
"2014/05/05","61.2200","45938990.0000","59.6700","61.3500","59.1800"
"2014/05/02","60.4600","54086030.0000","61.3000","61.8900","60.1800"
"2014/05/01","61.1500","82319330.0000","60.4300","62.2800","60.2100"
"2014/04/30","59.7800","75599310.0000","57.5800","59.8500","57.1600"
"2014/04/29","58.1500","75339000.0000","56.0900","58.2800","55.8400"
"2014/04/28","56.1400","107534200.0000","58.0500","58.3100","54.6600"
"2014/04/25","57.7100","92257140.0000","59.9700","60.0100","57.5700"
"2014/04/24","60.8700","138477000.0000","63.6000","63.6500","59.7700"
"2014/04/23","61.3600","94013700.0000","63.4500","63.4800","61.2600"
"2014/04/22","63.0301","60328420.0000","62.6500","63.4400","62.2200"
"2014/04/21","61.2400","60064820.0000","59.4600","61.2400","59.1500"
"2014/04/17","58.9400","87956250.0000","59.3000","60.5800","58.7200"
"2014/04/16","59.7200","78548910.0000","59.7900","60.1900","57.7400"
"2014/04/15","59.0900","108466300.0000","59.2900","59.6800","55.8800"
"2014/04/14","58.8900","72152260.0000","60.0900","60.4500","57.7800"
"2014/04/11","58.5300","91373170.0000","57.6000","60.3100","57.3100"
"2014/04/10","59.1600","114767600.0000","63.0800","63.1800","58.6800"
"2014/04/09","62.4100","99918180.0000","59.6300","62.4558","59.1882"
"2014/04/08","58.1901","78732130.0000","57.6800","58.7100","57.1700"
"2014/04/07","56.9500","108324400.0000","55.9000","58.0000","55.4400"
"2014/04/04","56.7490","125198200.0000","59.9400","60.2000","56.3200"
"2014/04/03","59.4900","83585460.0000","62.5500","63.1700","59.1300"
"2014/04/02","62.7200","66149490.0000","63.2100","63.9100","62.2100"
"2014/04/01","62.6200","59098260.0000","60.4600","62.6600","60.2400"
"2014/03/31","60.2400","52921180.0000","60.7800","61.5200","59.8700"
"2014/03/28","60.0100","66888000.0000","61.3400","61.9500","59.3350"
"2014/03/27","60.9700","112453500.0000","60.5100","61.9000","57.9800"
"2014/03/26","60.3850","97436810.0000","64.7400","64.9500","60.3700"
"2014/03/25","64.8900","68168890.0000","64.8900","66.1900","63.7800"
"2014/03/24","64.1000","85551700.0000","67.1900","67.3600","63.3600"
"2014/03/21","67.2400","59993420.0000","67.5300","67.9200","66.1786"
"2014/03/20","66.9700","44344660.0000","68.0100","68.2300","66.8200"
"2014/03/19","68.2400","43909250.0000","69.1700","69.2900","67.4650"
"2014/03/18","69.1900","40731150.0000","68.7600","69.6000","68.3000"
"2014/03/17","68.7399","52098860.0000","68.1800","68.9500","66.6200"
"2014/03/14","67.7200","48095760.0000","68.4900","69.4300","67.4600"
"2014/03/13","68.8300","56954770.0000","71.2900","71.3500","68.1500"
"2014/03/12","70.8799","46332080.0000","69.8600","71.3500","69.0000"
"2014/03/11","70.1000","59364950.0000","72.5000","72.5900","69.9600"
"2014/03/10","72.0300","59853820.0000","70.7700","72.1500","70.5100"
"2014/03/07","69.8000","38918700.0000","71.0800","71.1800","69.4700"
"2014/03/06","70.8400","46023480.0000","71.8800","71.8900","70.2500"
"2014/03/05","71.5700","74560670.0000","69.6900","71.9700","69.6200"
"2014/03/04","68.8000","41996420.0000","68.6600","68.9000","67.6200"
"2014/03/03","67.4100","56813110.0000","66.9600","68.0500","66.5100"
"2014/02/28","68.4600","66738010.0000","69.4700","69.8800","67.3800"
"2014/02/27","68.9400","41638450.0000","69.3400","70.0100","68.8700"
"2014/02/26","69.2600","55302090.0000","70.1900","71.2200","68.8500"
"2014/02/25","69.8500","52062710.0000","70.9500","71.0000","69.4500"
"2014/02/24","70.7800","76735760.0000","68.7400","71.4400","68.5400"
"2014/02/21","68.5900","70923530.0000","69.6900","69.9600","68.4500"
"2014/02/20","69.6300","130880100.0000","67.7300","70.1100","65.7270"
"2014/02/19","68.0600","60295610.0000","67.0500","69.0800","67.0000"
"2014/02/18","67.3000","43798520.0000","66.9400","67.5397","66.0700"
"2014/02/14","67.0900","36731220.0000","67.5000","67.5800","66.7200"
"2014/02/13","67.3300","61883050.0000","64.1800","67.3300","64.0500"
"2014/02/12","64.4500","47260370.0000","64.9200","65.0600","64.0500"
"2014/02/11","64.8510","45657700.0000","63.7500","65.0000","63.3500"
"2014/02/10","63.5480","43642880.0000","64.3000","64.4900","63.4730"
"2014/02/07","64.3200","60762540.0000","62.2700","64.5700","62.2200"
"2014/02/06","62.1600","42079800.0000","61.4600","62.7800","61.4600"
"2014/02/05","62.1900","51553330.0000","62.7400","63.1600","61.2700"
"2014/02/04","62.7500","45977670.0000","62.0500","63.1400","61.8200"
"2014/02/03","61.4800","74852940.0000","63.0300","63.7700","60.7000"
"2014/01/31","62.5700","87774330.0000","60.4700","63.3700","60.1700"
"2014/01/30","61.0800","150128200.0000","62.1200","62.5000","60.4600"
"2014/01/29","53.5300","89786860.0000","54.6100","54.9500","53.1900"
"2014/01/28","55.1400","48182940.0000","54.0200","55.2800","54.0000"
"2014/01/27","53.5500","73888900.0000","54.7300","54.9401","51.8500"
"2014/01/24","54.4500","55410210.0000","56.1500","56.4200","54.4000"
"2014/01/23","56.6300","47945860.0000","56.3700","56.6800","55.6855"
"2014/01/22","57.5100","61349130.0000","58.8500","59.3100","57.1000"
"2014/01/21","58.5100","48658930.0000","56.6000","58.5800","56.5000"
"2014/01/17","56.3000","40845940.0000","57.3000","57.8200","56.0700"
"2014/01/16","57.1900","34537020.0000","57.2600","58.0200","56.8300"
"2014/01/15","57.6000","33655610.0000","57.9800","58.5700","57.2700"
"2014/01/14","57.7400","37487240.0000","56.4600","57.7800","56.1000"
"2014/01/13","55.9100","62888480.0000","57.9100","58.2500","55.3800"
"2014/01/10","57.9400","42443990.0000","57.1300","58.3000","57.0600"
"2014/01/09","57.2200","92236170.0000","58.6500","58.9600","56.6500"
"2014/01/08","58.2300","56669280.0000","57.6000","58.4100","57.2300"
"2014/01/07","57.9200","77201940.0000","57.7000","58.5500","57.2200"
"2014/01/06","57.2000","68773580.0000","54.4200","57.2600","54.0500"
"2014/01/03","54.5570","38244700.0000","55.0200","55.6500","54.5300"
"2014/01/02","54.7100","43188990.0000","54.8300","55.2200","54.1900"
"2013/12/31","54.6490","43069960.0000","54.1200","54.8600","53.9100"
"2013/12/30","53.7100","68195850.0000","54.9300","55.1800","53.4300"
"2013/12/27","55.4400","60251230.0000","57.4800","57.6800","55.2500"
"2013/12/26","57.7300","55024630.0000","58.3200","58.3800","57.3700"
"2013/12/24","57.9600","46617750.0000","58.2700","58.5800","56.9100"
"2013/12/23","57.7700","98124560.0000","55.5000","58.3200","55.4500"
"2013/12/20","55.1200","224195500.0000","54.9300","55.1500","54.2300"
"2013/12/19","55.0500","89722000.0000","54.3300","55.1900","53.9500"
"2013/12/18","55.5700","75831750.0000","54.8600","55.8900","53.7500"
"2013/12/17","54.8600","78480680.0000","54.7600","55.1800","54.2400"
"2013/12/16","53.8100","84971770.0000","53.2500","54.5000","52.9100"
"2013/12/13","53.3200","82517560.0000","51.6600","53.5000","51.3400"
"2013/12/12","51.8300","92467060.0000","51.0450","52.0700","50.6600"
"2013/12/11","49.3800","62295230.0000","50.5500","50.7700","49.0100"
"2013/12/10","50.2450","68301310.0000","48.6400","50.7700","48.5400"
"2013/12/09","48.8400","35930850.0000","48.0900","48.9700","47.7400"
"2013/12/06","47.9400","42877640.0000","48.9800","49.3900","47.7100"
"2013/12/05","48.3400","43773340.0000","48.1500","48.7000","47.8700"
"2013/12/04","48.6200","60306210.0000","46.4600","48.7700","46.2600"
"2013/12/03","46.7300","31998810.0000","46.7500","47.2000","46.2900"
"2013/12/02","47.0600","50674560.0000","46.9000","47.5400","46.2600"
"2013/11/29","47.0100","22953920.0000","46.7500","47.2100","46.5000"
"2013/11/27","46.4900","44887500.0000","45.9700","46.6700","45.5300"
"2013/11/26","45.8900","81892990.0000","44.6600","46.1700","43.5500"
"2013/11/25","44.8200","82469790.0000","46.3600","46.6500","44.0400"
"2013/11/22","46.2300","40465250.0000","47.0400","47.2700","45.9600"
"2013/11/21","46.7000","34821540.0000","46.9900","47.4600","46.6850"
"2013/11/20","46.4300","53833880.0000","46.6100","47.5500","46.3100"
"2013/11/19","46.3600","75452630.0000","46.2600","47.0000","45.7200"
"2013/11/18","45.8300","85676080.0000","48.4700","48.8400","45.8000"
"2013/11/15","49.0100","42394340.0000","49.1100","49.4800","48.7100"
"2013/11/14","48.9900","75042140.0000","48.7000","49.5700","48.0300"
"2013/11/13","48.7100","79082730.0000","46.2300","48.7400","46.0600"
"2013/11/12","46.6050","68071910.0000","46.0000","47.3700","45.8300"
"2013/11/11","46.2000","80718180.0000","47.0400","47.5300","45.7300"
"2013/11/08","47.5300","70540080.0000","47.8100","48.6500","47.2500"
"2013/11/07","47.5600","96906910.0000","49.2400","49.8700","47.3000"
"2013/11/06","49.1200","67745300.0000","50.2600","50.4500","48.7100"
"2013/11/05","50.1050","76659340.0000","47.7900","50.1800","47.5100"
"2013/11/04","48.2200","80194620.0000","49.3650","49.7500","48.0200"
"2013/11/01","49.7500","94776920.0000","50.8500","52.0900","49.7200"
"2013/10/31","50.2050","248338900.0000","47.1550","52.0000","46.5000"
"2013/10/30","49.0100","111666400.0000","50.0000","50.2100","48.7500"
"2013/10/29","49.3950","101787400.0000","50.7300","50.7900","49.2500"
"2013/10/28","50.2290","73116480.0000","51.5400","51.7000","49.6100"
"2013/10/25","51.9500","44931490.0000","53.1800","53.2400","51.8800"
"2013/10/24","52.4450","46436620.0000","52.3800","52.8400","51.5928"
"2013/10/23","51.9000","57037800.0000","51.7500","52.2500","51.1300"
"2013/10/22","52.6750","83047340.0000","54.3300","54.7600","52.2000"
"2013/10/21","53.8500","57935890.0000","54.6800","54.8100","53.5100"
"2013/10/18","54.2200","88118540.0000","54.1800","54.8250","53.6000"
"2013/10/17","52.2100","70836230.0000","51.1200","52.2200","50.9500"
"2013/10/16","51.1350","64406590.0000","50.0400","51.2400","49.9000"
"2013/10/15","49.5000","80838680.0000","49.9900","51.0000","49.1800"
"2013/10/14","49.5100","68639410.0000","48.3100","49.6300","47.9100"
"2013/10/11","49.1100","58342770.0000","49.1800","49.8700","48.7900"
"2013/10/10","49.0500","99370750.0000","47.8650","49.6800","47.8300"
"2013/10/09","46.7700","147056800.0000","47.3750","47.8400","45.2600"
"2013/10/08","47.1400","135628200.0000","50.6000","50.6000","47.0800"
"2013/10/07","50.5150","57061640.0000","50.7300","51.2900","50.4000"
"2013/10/04","51.0400","74312720.0000","49.7700","51.1600","49.5700"
"2013/10/03","49.1830","81651010.0000","50.4700","50.7200","49.0600"
"2013/10/02","50.2800","62686500.0000","50.1300","51.1000","49.9500"
"2013/10/01","50.4200","97946230.0000","49.9700","51.0300","49.4500"
"2013/09/30","50.2300","99504810.0000","50.1400","51.6000","49.8000"
"2013/09/27","51.2400","81192310.0000","50.2900","51.2800","49.8600"
"2013/09/26","50.3900","97976810.0000","50.0100","50.6000","49.5000"
"2013/09/25","49.4600","87566700.0000","49.2300","49.5400","48.4600"
"2013/09/24","48.4500","136274400.0000","48.5050","49.6600","48.1600"
"2013/09/23","47.1900","75170550.0000","47.2800","47.5500","46.2900"
"2013/09/20","47.4900","115259600.0000","46.3200","47.6000","45.7400"
"2013/09/19","45.9800","63854770.0000","45.5100","46.0500","45.2300"
"2013/09/18","45.2300","79172720.0000","44.8400","45.4700","44.3950"
"2013/09/17","45.0700","91748330.0000","42.5000","45.4400","42.4300"
"2013/09/16","42.5100","70580670.0000","44.8500","44.9400","42.4300"
"2013/09/13","44.3100","52706530.0000","45.0400","45.0800","43.9300"
"2013/09/12","44.7500","67943630.0000","45.5300","45.6200","44.6500"
"2013/09/11","45.0400","71840960.0000","43.3900","45.0900","43.1100"
"2013/09/10","43.6000","54453960.0000","44.2400","44.2600","43.2300"
"2013/09/09","44.0400","75634970.0000","44.3600","44.7900","43.7000"
"2013/09/06","43.9500","117375700.0000","43.0900","44.6100","42.4000"
"2013/09/05","42.6600","49931010.0000","41.7900","42.7650","41.7700"
"2013/09/04","41.7800","42472010.0000","42.0100","42.1700","41.4400"
"2013/09/03","41.8700","48666190.0000","41.8400","42.1650","41.5100"
"2013/08/30","41.2940","67565220.0000","42.0250","42.2600","41.0600"
"2013/08/29","41.2800","58153720.0000","40.8900","41.7800","40.8000"
"2013/08/28","40.5480","57617060.0000","39.9600","40.8500","39.8800"
"2013/08/27","39.6400","72556560.0000","40.6800","41.2000","39.4200"
"2013/08/26","41.3400","93901000.0000","40.9000","41.9400","40.6200"
"2013/08/23","40.5500","86246160.0000","39.0000","40.6300","38.9300"
"2013/08/22","38.5500","21859280.0000","38.3700","38.7500","38.3400"
"2013/08/21","38.3200","45998690.0000","38.3800","38.8500","38.1450"
"2013/08/20","38.4100","57879220.0000","38.3500","38.5800","37.6900"
"2013/08/19","37.8100","57411950.0000","37.4300","38.2800","37.1400"
"2013/08/16","37.0800","45749580.0000","36.9700","37.4900","36.9000"
"2013/08/15","36.5600","56429530.0000","36.3600","37.0700","36.0201"
"2013/08/14","36.6500","48299100.0000","36.8300","37.5500","36.6200"
"2013/08/13","37.0190","65248000.0000","38.2400","38.3200","36.7700"
"2013/08/12","38.2200","31096900.0000","38.2000","38.5000","38.1000"
"2013/08/09","38.5000","43510970.0000","38.5900","38.7400","38.0100"
"2013/08/08","38.5400","41182770.0000","39.1300","39.1900","38.4300"
"2013/08/07","38.8700","68711580.0000","38.6100","38.9400","37.7000"
"2013/08/06","38.5500","63834190.0000","39.1100","39.2500","37.9400"
"2013/08/05","39.1890","79798290.0000","38.4300","39.3200","38.2500"
"2013/08/02","38.0500","72731240.0000","37.6600","38.4900","37.5000"
"2013/08/01","37.4890","105865000.0000","37.3000","38.2900","36.9200"
"2013/07/31","36.8000","154704200.0000","37.9600","38.3100","36.3300"
"2013/07/30","37.6270","172937500.0000","35.6500","37.9600","35.3200"
"2013/07/29","35.4300","124716100.0000","34.0700","35.6300","34.0100"
"2013/07/26","34.0100","135881500.0000","33.7700","34.7300","33.5600"
"2013/07/25","34.3590","365091700.0000","33.5450","34.8800","32.7500"
"2013/07/24","26.5100","75364480.0000","26.3200","26.5300","26.0500"
"2013/07/23","26.1300","28138680.0000","26.1000","26.3000","25.9700"
"2013/07/22","26.0450","27490350.0000","25.9900","26.1300","25.7200"
"2013/07/19","25.8810","46515740.0000","25.8200","26.1077","25.6000"
"2013/07/18","26.1800","24697620.0000","26.7500","26.7700","26.1200"
"2013/07/17","26.6500","21491940.0000","26.3700","26.7800","26.3000"
"2013/07/16","26.3200","30779130.0000","26.3900","26.7500","26.0100"
"2013/07/15","26.2800","24200400.0000","25.9300","26.4300","25.6500"
"2013/07/12","25.9100","16498340.0000","25.7400","25.9300","25.5500"
"2013/07/11","25.8100","26756400.0000","25.9600","26.0000","25.4500"
"2013/07/10","25.8000","26744350.0000","25.5800","25.8300","25.4700"
"2013/07/09","25.4800","30334450.0000","25.0700","25.4900","25.0300"
"2013/07/08","24.7100","27043580.0000","24.4700","25.0400","24.4200"
"2013/07/05","24.3700","20202440.0000","24.6500","24.6600","24.2000"
"2013/07/03","24.5200","10404330.0000","24.2200","24.7100","24.1500"
"2013/07/02","24.4100","18346010.0000","24.7000","24.7700","24.3000"
"2013/07/01","24.8100","20539520.0000","24.9694","25.0601","24.6200"
"2013/06/28","24.8800","96737620.0000","24.6800","24.9800","24.4200"
"2013/06/27","24.6600","34641060.0000","24.2400","24.8400","24.2100"
"2013/06/26","24.1600","29860530.0000","24.5100","24.6500","23.9900"
"2013/06/25","24.2500","24710300.0000","24.1400","24.4300","24.0400"
"2013/06/24","23.9350","40586430.0000","23.9500","24.1100","23.3800"
"2013/06/21","24.5300","45800870.0000","24.5900","24.7000","24.0500"
"2013/06/20","23.9000","42716660.0000","24.2800","24.7450","23.6500"
"2013/06/19","24.3090","31732970.0000","24.2000","25.1900","24.1000"
"2013/06/18","24.2100","36667860.0000","24.0900","24.6900","24.0800"
"2013/06/17","24.0220","33601370.0000","23.9100","24.2500","23.7500"
"2013/06/14","23.6300","30603420.0000","23.5600","23.8900","23.2600"
"2013/06/13","23.7300","31095780.0000","23.7200","23.8300","23.2650"
"2013/06/12","23.7700","26404420.0000","24.1600","24.2600","23.5800"
"2013/06/11","24.0300","29837670.0000","24.0300","24.3500","24.0000"
"2013/06/10","24.3300","58311370.0000","24.0600","24.6000","23.9900"
"2013/06/07","23.2910","38679530.0000","23.0300","23.4000","22.8600"
"2013/06/06","22.9700","31224400.0000","22.9900","23.0900","22.6700"
"2013/06/05","22.8990","53759680.0000","23.3500","23.7050","22.7900"
"2013/06/04","23.5200","34748310.0000","23.8900","23.9300","23.3200"
"2013/06/03","23.8480","35693200.0000","24.2650","24.3200","23.7100"
"2013/05/31","24.3480","35879190.0000","24.6300","24.9500","24.2700"
"2013/05/30","24.5500","60555780.0000","24.1300","24.7790","23.9300"
"2013/05/29","23.3200","64115760.0000","23.7900","23.8100","23.2600"
"2013/05/28","24.1000","50042490.0000","24.5400","24.5400","23.9200"
"2013/05/24","24.3125","58653470.0000","24.9700","24.9700","24.0800"
"2013/05/23","25.0600","37654530.0000","24.8000","25.5300","24.7700"
"2013/05/22","25.1590","45198860.0000","25.6500","25.8500","24.9200"
"2013/05/21","25.6600","26163000.0000","25.8700","26.0750","25.5900"
"2013/05/20","25.7590","42345840.0000","26.1800","26.1900","25.6900"
"2013/05/17","26.2500","29426640.0000","26.4000","26.6000","26.2000"
"2013/05/16","26.1300","35473010.0000","26.4800","26.5500","25.9000"
"2013/05/15","26.6000","30257960.0000","26.9200","26.9900","26.4000"
"2013/05/14","27.0700","24899510.0000","26.8850","27.2800","26.8200"
"2013/05/13","26.8200","29003230.0000","26.6000","27.3250","26.5310"
"2013/05/10","26.6800","30796410.0000","27.1400","27.3000","26.5700"
"2013/05/09","27.0400","33367040.0000","27.0800","27.5500","26.8500"
"2013/05/08","27.1200","34592220.0000","26.8800","27.3000","26.6500"
"2013/05/07","26.8890","41181810.0000","27.5500","27.8500","26.8500"
"2013/05/06","27.5700","43816260.0000","28.3300","28.4600","27.4800"
"2013/05/03","28.3110","58210590.0000","29.0400","29.0700","28.1500"
"2013/05/02","28.9700","104142100.0000","28.0100","29.0200","27.9800"
"2013/05/01","27.4300","63228690.0000","27.8500","27.9150","27.3100"
"2013/04/30","27.7690","36158480.0000","27.1300","27.8500","27.0050"
"2013/04/29","26.9800","28880330.0000","27.1600","27.4100","26.8600"
"2013/04/26","26.8500","32952000.0000","26.6000","27.6200","26.6000"
"2013/04/25","26.1400","17085990.0000","26.0700","26.4000","26.0000"
"2013/04/24","26.1100","19701820.0000","25.9300","26.4000","25.8000"
"2013/04/23","25.9800","25136620.0000","26.2150","26.3300","25.7700"
"2013/04/22","25.9700","25626190.0000","25.8100","26.3600","25.7000"
"2013/04/19","25.7300","20349350.0000","25.6200","25.9600","25.3300"
"2013/04/18","25.6900","39017530.0000","26.8200","26.8200","25.1500"
"2013/04/17","26.6250","26409810.0000","26.6500","27.2000","26.3900"
"2013/04/16","26.9200","27354550.0000","26.8100","27.1100","26.4000"
"2013/04/15","26.5200","30157610.0000","27.1600","27.4800","26.3600"
"2013/04/12","27.4000","28645390.0000","28.0000","28.0000","27.2400"
"2013/04/11","28.0175","33317050.0000","27.4800","28.1000","27.2500"
"2013/04/10","27.5700","45868010.0000","27.0100","27.8400","26.9000"
"2013/04/09","26.5900","21271210.0000","26.5800","26.8900","26.4200"
"2013/04/08","26.8490","27213210.0000","27.1900","27.2000","26.6300"
"2013/04/05","27.3900","64468590.0000","26.8600","27.8000","26.6100"
"2013/04/04","27.0725","81884030.0000","26.6200","27.2301","26.1100"
"2013/04/03","26.2500","48093190.0000","25.8300","26.3900","25.7000"
"2013/04/02","25.4200","35121310.0000","25.7700","26.1200","25.3000"
"2013/04/01","25.5300","22205800.0000","25.6300","25.8900","25.2800"
"2013/03/28","25.5800","28564300.0000","26.0900","26.1700","25.5200"
"2013/03/27","26.0900","52246250.0000","25.0000","26.2800","24.7200"
"2013/03/26","25.2050","26931720.0000","25.0800","25.4800","25.0300"
"2013/03/25","25.1310","39115300.0000","25.7500","25.8000","25.0780"
"2013/03/22","25.7300","18420580.0000","25.7960","26.0100","25.6300"
"2013/03/21","25.7400","24297020.0000","25.6600","26.1100","25.5600"
"2013/03/20","25.8600","43922190.0000","26.6800","26.6900","25.7800"
"2013/03/19","26.5500","25222620.0000","26.5300","26.9000","26.2100"
"2013/03/18","26.4900","26610250.0000","26.3700","26.7900","25.7800"
"2013/03/15","26.6450","31554310.0000","27.0300","27.0600","26.5600"
"2013/03/14","27.0400","27604220.0000","27.1000","27.4300","26.8300"
"2013/03/13","27.0800","39527710.0000","27.6200","27.6500","26.9200"
"2013/03/12","27.8300","27498230.0000","28.1000","28.3200","27.6000"
"2013/03/11","28.1400","35585960.0000","28.0100","28.6400","27.8300"
"2013/03/08","27.9600","44161320.0000","28.4250","28.4700","27.7300"
"2013/03/07","28.5780","74408360.0000","27.5700","28.6750","27.4700"
"2013/03/06","27.4525","33464760.0000","28.1000","28.1300","27.3500"
"2013/03/05","27.5200","40184170.0000","27.8800","28.1800","27.2100"
"2013/03/04","27.7200","32363520.0000","27.7600","28.0600","27.4400"
"2013/03/01","27.7800","54032140.0000","27.0500","28.1164","26.8100"
"2013/02/28","27.2500","82952930.0000","26.8400","27.3000","26.3400"
"2013/02/27","26.8700","44203880.0000","27.3400","27.3400","26.6300"
"2013/02/26","27.3900","31579420.0000","27.3600","27.4600","26.7000"
"2013/02/25","27.2700","34480840.0000","27.1600","27.6400","27.1500"
"2013/02/22","27.1300","36287100.0000","27.6200","27.6300","26.8200"
"2013/02/21","27.2830","49583120.0000","28.2800","28.5500","27.1500"
"2013/02/20","28.4620","42037050.0000","28.9200","29.0500","28.3300"
"2013/02/19","28.9300","49216780.0000","28.2300","29.0800","28.1200"
"2013/02/15","28.3200","32986500.0000","28.5200","28.7500","28.0900"
"2013/02/14","28.5000","35565550.0000","28.0200","28.6300","28.0100"
"2013/02/13","27.9075","50053630.0000","27.3600","28.3200","27.3100"
"2013/02/12","27.3700","93390430.0000","27.6700","28.1600","27.1000"
"2013/02/11","28.2600","36619600.0000","28.6100","28.6800","28.0400"
"2013/02/08","28.5450","37636360.0000","28.8900","29.1700","28.5100"
"2013/02/07","28.6500","34410230.0000","29.1100","29.1500","28.2700"
"2013/02/06","29.0500","38301680.0000","28.7400","29.2900","28.6600"
"2013/02/05","28.6400","47790880.0000","28.2600","28.9600","28.0400"
"2013/02/04","28.1090","92128780.0000","29.0600","29.2000","28.0100"
"2013/02/01","29.7300","85730540.0000","31.0100","31.0200","29.6300"
"2013/01/31","30.9810","190522200.0000","29.1500","31.4700","28.7400"
"2013/01/30","31.2400","84116810.0000","30.9800","31.4900","30.8800"
"2013/01/29","30.7900","72704310.0000","32.0000","32.0700","30.7100"
